ppg,opponent_ppg,intercept
0.656861823928078,0.40317523091971497,-6.029566786329923
